{
	"name": "Inputmask",
	"repository": "robinherbots/Inputmask",
	"description": "Inputmask is a jquery plugin which create an input mask.",
	"version": "3.3.5",
	"keywords": [
		"jquery",
		"plugins",
		"input",
		"form",
		"inputmask",
		"mask"
	],
	"main": "./dist/jquery.inputmask.bundle.js",
	"scripts": [
		"./dist/inputmask/inputmask.js",
		"./dist/inputmask/inputmask.extensions.js",
		"./dist/inputmask/inputmask.date.extensions.js",
		"./dist/inputmask/inputmask.numeric.extensions.js",
		"./dist/inputmask/inputmask.phone.extensions.js",
		"./dist/inputmask/inputmask.regex.extensions.js",
		"./dist/inputmask/jquery.inputmask.js",
		"./dist/inputmask/global/document.js",
		"./dist/inputmask/global/window.js",
		"./dist/inputmask/phone-codes/phone.js",
		"./dist/inputmask/phone-codes/phone-be.js",
		"./dist/inputmask/phone-codes/phone-nl.js",
		"./dist/inputmask/phone-codes/phone-ru.js",
		"./dist/inputmask/phone-codes/phone-uk.js",
		"./dist/inputmask/dependencyLibs/inputmask.dependencyLib.jqlite.js",
		"./dist/inputmask/dependencyLibs/inputmask.dependencyLib.jquery.js",
		"./dist/inputmask/dependencyLibs/inputmask.dependencyLib.js",
		"./dist/inputmask/bindings/inputmask.binding.js"
	],
	"dependencies": {
		"components/jquery": ">=1.7"
	},
	"license": "MIT"
}
